ori-1,percent_officers_white,percent_officers_black,percent_officers_hispanic,percent_officers_asianpacific,percent_officers_native_american,percent_officers_other,civilian_complaints_reported_2016,civilian_complaints_reported_2018,civilian_complaints_reported_2019,civilian_complaints_reported_2020,civilian_complaints_reported_2021,civilian_complaints_reported_2022,population
NY0303000,0.44,0.15,0.3,0.1,0,0.01,4285,4744,4965,3874,3393,,8300377
CA0194200,0.33,0.1,0.46,0.08,0,0.03,2579,2609,2874,2097,2227,2379,4000587
MI8234900,0.34,0.6,0.04,0.01,0,0,1109,1091,1155,1144,1313,,659616
ILCPD0000,0.52,0.22,0.23,0.03,0,0,739,1145,1922,2981,3355,,2693598
OHCOP0000,0.87,0.1,0.01,0.01,0,0,788,521,524,910,826,,891855
WASPD0000,0.73,0.09,0.05,0.06,0.02,0.05,1524,1172,928,537,,,771517
OR0260200,0.84,0.04,0.04,0.06,0,0.02,1161,1149,903,739,301,,660216
TNMPD0000,0.37,0.58,0.03,0,0,0.01,,511,587,488,566,609,650937
FL0480000,0.65,0.14,0.18,0.02,0,0.01,406,581,645,715,683,,905376
MN0271100,0.77,0.09,0.04,0.05,0.02,0.02,222,366,388,451,322,,435116
CA0340000,0.7,0.05,0.14,0.09,0.01,0.01,174,303,205,191,347,414,657602
MDBPD0000,0.49,0.4,0.09,0.02,0,0,412,420,939,541,,,588594
TX2201200,0.68,0.11,0.18,0.02,0.01,0,298,154,184,119,2329,,919789
VA0290100,0.83,0.08,0.05,0.04,0,0,154,252,373,319,147,,1112320
OHCLP0000,0.66,0.23,0.09,0,0,0.01,263,227,220,276,324,,379121
NB0280200,0.79,0.08,0.1,0.02,0.01,0,166,206,208,161,115,60,480297
FL0060300,0.67,0.15,0.17,0,0,0,122,208,13,15,54,13,184347
FL0130000,0.2,0.21,0.58,0,0,0.01,189,141,104,113,48,,1186380
AZ0071700,0.79,0.04,0.14,0.02,0.01,0,165,127,198,143,,82,527361
WA0270300,0.83,0.05,0.02,0.08,0.01,0,118,121,119,118,88,130,220123
MI3351900,0.81,0.1,0.05,0.03,0.01,0,,20,33,42,43,,113754
SC0400100,0.65,0.32,0.01,0.01,0,0,91,101,97,84,81,74,131185
NC0320100,0.65,0.29,0.05,0,0,0,117,52,88,63,20,21,284892
FL0290200,0.69,0.13,0.15,0.02,0,0,76,287,269,164,162,,407350
TXDPD0000,0.5,0.26,0.21,0.02,0.01,0,204,454,851,1386,703,,1278608
NY0270100,0.64,0.09,0.12,0,0,0.14,104,92,79,60,32,,205199
MO0950000,0.88,0.09,0.01,0,0,0.01,46,36,26,30,247,15,406289
WIMPD0000,0.66,0.17,0.13,0.02,0.01,0.01,153,108,137,189,150,,589105
FL0010100,0.77,0.16,0.06,0,0,0.01,87,54,45,34,36,,135076
MT0560100,0.95,0.01,0.02,0.01,0.01,0.01,78,72,91,81,,85,110157
KS0870300,0.83,0.06,0.07,0.03,0,0,114,230,207,218,471,297,390746
AZ0071100,0.85,0,0.12,0,0,0.02,74,68,91,116,109,,259629
OHCIP0000,0.68,0.29,0.01,0.01,0,0.02,446,487,745,654,631,201,304724
NC0600100,0.75,0.18,0.05,0.02,0,0.01,85,45,67,70,123,94,958358
ID0010100,0.91,0.02,0.02,0,0,0.04,52,72,68,33,38,47,231223
TX2270100,0.68,0.1,0.2,0.02,0,0,1177,976,53,501,1012,,943059
MD0030100,0.82,0.13,0.02,0.02,0,0,71,44,48,44,33,,826987
HI0020000,0.12,0.01,0.01,0.3,0,0.56,101,152,174,185,219,,966438
AR0600200,0.64,0.31,0.03,0.01,0.01,0,54,85,68,112,139,119,197688
MOKPD0000,0.77,0.12,0.05,0.01,0.01,0.06,287,277,274,236,216,,318398
GA0290100,0.82,0.14,0.03,0,0,0.01,50,54,64,48,,,128152
TX0571500,0.82,0.06,0.09,0.01,0.01,0.01,66,72,112,74,61,,242976
WA0320400,0.92,0.01,0.03,0,0.02,0.02,78,104,113,77,83,,223524
GA0250300,0.61,0.31,0.05,0.02,0,0.01,71,40,0,0,0,,237691
NV0020300,0.82,0.03,0.1,0.04,0.01,0,50,42,32,80,14,,328056
OK0550600,0.84,0.06,0.06,0.01,0.03,0,52,25,55,48,45,,532581
SD0490200,0.91,0.01,0.03,0.02,0.02,0.01,48,37,52,49,13,,156915
FL0531200,0.75,0.12,0.11,0,0.02,0,43,47,25,15,15,23,113876
IL0720700,0.81,0.14,0.03,0.02,0,0,14,52,22,24,46,,109924
IA0570100,0.96,0.02,0.01,0.01,0,0,33,24,22,34,26,31,134330
MD0020200,0.87,0.09,0.02,0.01,0,0,34,39,132,89,19,46,542622
FL0490200,0.63,0.08,0.29,0,0,0,8,5,5,4,108,,74337
SC0100800,0.78,0.17,0.04,0.01,0,0,20,11,23,9,43,,93203
NY0140100,0.61,0.19,0.09,0,0,0.11,92,,51,59,59,,254627
FL0051200,0.78,0.08,0.12,0.01,0.01,0,59,,41,52,63,,116897
CT0010300,0.73,0.13,0.11,0.01,0.01,0.01,21,36,27,34,,,89140
NC0260100,0.68,0.19,0.08,0.05,0,0,38,90,176,154,63,,212033
NC0340200,0.77,0.16,0.05,0.01,0.01,0,11,8,25,19,,,250021
NC0920100,0.84,0.1,0.04,0.01,0,0.01,24,26,29,32,11,,480964
MN0620900,0.74,0.05,0.04,0.09,0.01,0.06,137,167,202,163,202,,309859
VA0990000,0.68,0.15,0.1,0.06,0,0.01,18,35,19,20,,18,161525
IN0710200,0.86,0.08,0.04,0,0,0.01,30,13,9,48,37,,102119
FL0360200,0.91,0.02,0.06,0,0,0,28,11,10,4,,,199503
TX1780200,0.48,0.03,0.48,0,0.01,0,46,30,22,16,14,16,329050
NJ0120500,0.85,0.06,0.05,0.04,0,0,26,35,24,28,32,,99584
AZ0070500,0.87,0.02,0.1,0.02,0,0,11,9,5,3,,,264071
TX0571100,0.77,0.08,0.12,0.02,0.01,0,8,9,18,7,9,9,241455
FL0521400,0.75,0.14,0.07,0.03,0,0.01,18,7,4,10,7,10,267690
TX2120400,0.9,0.05,0.04,0,0.01,0,4,8,3,4,,,108139
SC0100100,0.81,0.16,0.02,0,0,0.01,,7,14,3,,,129739
FL0062800,0.76,0.11,0.13,0,0,0.01,4,5,2,1,,1,135027
WA0270000,0.86,0.02,0.04,0.03,0.01,0.05,11,79,224,254,135,,429803
VA1110000,0.68,0.22,0.07,0,0,0.03,90,81,108,108,30,,134082
CO0070100,0.86,0.05,0.07,0.02,0.01,0,,1,3,33,88,,106598
MA0122000,0.97,0.03,0,0,0,0,48,30,25,25,26,,64199
NY0450000,0.99,0.01,0,0,0,0,6,2,6,14,31,,171244
MA0112000,0.96,0,0,0.03,0,0,11,5,4,4,,,94519
RI0040200,0.95,0.03,0.01,0.01,0,0,14,16,21,12,7,,81313
DE0020300,0.8,0.12,0.06,0.02,0.01,0,39,52,39,33,,,422025
AR0160100,0.9,0.07,0.02,0.01,0,0,31,23,42,61,37,,79702
MO0390300,0.94,0.01,0.03,0.01,0,0.01,24,14,21,22,19,59,168854
VA1140000,0.89,0.09,0.02,0,0,0,80,15,55,45,32,,82871
MA0093900,0.8,0.07,0.09,0.02,0,0.02,16,15,14,15,8,,81552
WA0370100,0.91,0.03,0.02,0.01,0.01,0.03,3,4,1,7,23,,93629
GA0760200,0.9,0.06,0.03,0.02,0,0,14,26,20,12,25,,78065
LA0280300,0.79,0.18,0.02,0,0,0,10,3,6,4,6,,126679
NY0590400,0.74,0.08,0.17,0,0,0.01,32,25,25,32,29,36,78707
AZ0072900,0.69,0.06,0.18,0.01,0.01,0.05,37,14,30,18,27,,199935
WI0450100,0.92,0.01,0.04,0.03,0.01,0,1,4,2,3,,,61661
GA0440200,0.37,0.57,0.03,0.01,0,0.01,165,269,203,186,211,,525376
NJ0200400,0.59,0.1,0.3,0.01,0,0,42,83,77,149,161,,129518
GA0310100,0.41,0.52,0.05,0.01,0,0.02,108,72,65,58,78,,243077
AZ0072700,0.86,0.04,0.1,0,0,0.01,38,30,41,38,30,78,144620
WA0170800,0.89,0,0.03,0.04,0,0.03,19,17,29,28,9,,94470
MN0270300,0.9,0.04,0.02,0.03,0,0.01,77,108,79,65,81,,80897
ND0090200,0.98,0.01,0.01,0,0,0.01,2,3,1,6,17,,126927
AZ0100000,0.65,0.02,0.29,0.01,0.01,0.02,211,108,99,40,21,,374380
MI6338900,0.9,0.05,0.05,0,0,0,6,8,7,8,5,,80708
FL0100000,0.88,0.03,0.04,0.02,0.01,0.03,,169,100,105,85,,204275
TX0710200,0.16,0.02,0.79,0,0,0.01,90,43,53,45,86,,685288
TX1080000,0.07,0,0.93,0,0,0,7,10,1,7,,,256027
FL0410000,0.85,0.05,0.09,0.01,0,0,29,29,21,121,89,,329213
FL0480400,0.63,0.17,0.18,0.02,0,0,9,7,9,5,17,,293363
DE0020600,0.65,0.25,0.09,0,0,0.01,74,50,33,20,,,70100
TX1880100,0.86,0.01,0.12,0,0,0,52,71,22,11,,,101930
VA1220000,0.61,0.33,0.04,0.02,0,0,78,49,52,25,,,233350
TX0571800,0.83,0.06,0.09,0.02,0,0,9,10,6,5,4,8,141187
IN0820100,0.94,0.05,0,0,0,0,,,,58,,,117747
GA0605600,0.8,0.13,0.05,0.02,0,0,,,,6,,,111219
TX2460500,0.8,0.04,0.16,0,0.01,0,8,4,9,10,6,15,135776
TX0140400,0.68,0.15,0.11,0.05,0,0.01,6,15,12,9,,69,154417
MA0031100,0.76,0.14,0.1,0,0,0,,,,34,28,,94886
MI8253800,0.98,0,0.01,0.01,0,0,11,18,18,9,11,,93342
KS0230100,0.89,0.06,0.03,0,0.02,0.01,10,4,4,4,21,12,99368
CT0008000,0.82,0.02,0.1,0.05,0,0.01,28,31,20,5,4,6,59238
MO0100200,0.89,0.04,0.03,0.01,0.01,0.02,,,,74,,,124829
FL0290000,0.72,0.09,0.15,0.01,0,0.03,99,83,89,78,71,,1022128
SD0510100,0.93,0.01,0.02,0.02,0.02,0.01,47,24,12,19,,,78492
MO0920300,0.94,0.05,0.01,0,0,0,4,2,4,4,,,71563
TX2400100,0.03,0,0.97,0,0,0,121,66,68,82,48,,265515
NB0550000,0.96,0.03,0.01,0,0,0,2,10,4,5,,,28807
NB0100000,0.96,0,0.04,0,0,0,6,8,2,3,,,14262
NC0360600,0.87,0.08,0.03,0.02,0,0,44,37,37,22,22,,77918
NM0080100,0.47,0,0.5,0.03,0,0,40,38,30,22,22,28,12451
AK0010300,0.81,0.04,0.02,0.04,0.06,0.02,4,0,0,2,,,31925
OR0360000,0.96,0.01,0,0.01,0,0.01,,4,10,12,,,44949
PA0220200,0.82,0.11,0.06,0.02,0,0,14,14,17,7,,,49244
TX0572000,0.83,0.05,0.08,0.03,0.01,0,,14,16,6,11,18,88492
IN0530100,0.93,0.04,0.01,0.02,0,0,6,8,1,2,3,,86347
UT0180500,0.92,0.01,0.04,0.02,0,0.01,4,11,7,19,,,97091
TX1551200,0.81,0.09,0.1,0,0,0,7,15,8,9,,4,140870
RI0040900,0.76,0.08,0.12,0.02,0,0,58,56,30,83,57,90,179603
TX1650100,0.69,0.04,0.25,0,0.01,0.01,42,35,7,16,16,21,150529
TX0201000,0.65,0.05,0.16,0.01,0,0.14,24,51,35,36,32,26,119634
TX0210200,0.89,0.04,0.07,0,0.01,0,14,6,6,7,3,,120831
NM0070100,0.33,0.04,0.62,0.01,0,0,56,55,67,51,39,,104022
IL0160200,0.93,0,0.06,0.01,0,0.01,0,0,12,1,4,,74706
TX0920500,0.86,0.1,0.04,0,0,0,,,6,7,3,,79785
IL0163200,0.63,0.25,0.08,0.03,0,0.01,8,3,12,6,6,,73352
NJ0040800,0.54,0.18,0.27,0.01,0,0,245,111,128,387,454,,73127
TX0790500,0.62,0.11,0.2,0.07,0,0,11,9,14,3,,,119671
AR0720100,0.91,0.02,0.06,0,0.02,0,23,17,18,24,,,89252
MA0051400,0.84,0.04,0.09,0.02,0.01,0,5,6,5,9,,,94223
MO0920100,0.99,0.01,0,0,0,0,0,4,2,3,0,,89698
GA0470100,0.28,0.67,0.03,0.01,0.01,0.01,36,24,39,37,,,71567
OR0340100,0.96,0.01,0.01,0.03,0,0,22,9,14,19,,,100085
NM0240200,0.76,0,0.13,0,0.05,0.06,50,38,43,37,77,45,44191
NJ0160200,0.74,0.04,0.19,0.03,0,0,92,60,44,79,49,,85058
OH0570200,0.9,0.09,0,0.01,0,0,37,39,30,23,,,140193
HI0010000,0.24,0,0.01,0.28,0,0.47,68,42,37,44,25,24,201269
HI0050000,0.25,0.01,0.02,0.06,0,0.66,6,11,4,13,8,7,167178
VA0750300,0.8,0.07,0.1,0.03,0,0,40,60,35,35,22,29,468281
TX0430400,0.86,0.03,0.09,0.02,0,0,65,113,157,141,,111,130768
TN0330100,0.77,0.19,0.02,0.01,0,0,,85,122,96,53,41,184211
NH0064600,0.95,0.01,0.03,0.01,0,0,10,6,10,8,6,,89671
NH0063400,0.96,0.02,0.02,0,0,0.01,21,16,15,15,,,113018
MA0093300,0.96,0.01,0.01,0.02,0,0,5,11,8,10,,,88281
OR0240500,0.79,0.03,0.06,0,0,0.12,2,0,4,2,,,26521
IL0492100,0.71,0.07,0.18,0.03,0,0.02,31,31,15,22,9,,85739
WV0200200,0.94,0.06,0,0,0,0,21,11,15,12,,,46038
MA0011200,1,0,0,0,0,0,2,4,2,11,,,20008
FL0520800,0.89,0.04,0.06,0.01,0,0,76,50,75,77,45,,85594
IL0450600,0.79,0.07,0.12,0.02,0.01,0,9,12,19,6,10,,86366
OK0550300,0.92,0.04,0,0.01,0.03,0,7,12,9,12,23,,95571
WI0520200,0.85,0.09,0.06,0,0.01,0,49,34,29,17,,,76573
WV0310100,0.95,0.01,0.03,0.01,0,0,0,1,5,0,,,30775
WA0272300,0.82,0.05,0.06,0.05,0.01,0.01,7,7,8,3,,,61432
AL0050000,0.92,0.07,0,0.01,0,0,2,3,4,2,,,102994
NJ0150700,0.97,0.01,0.01,0.01,0,0,14,12,11,10,7,,94561
MI8234300,0.74,0.05,0.02,0,0,0.19,1,3,14,9,7,,93507
NY0275400,0.97,0.03,0,0,0,0,5,4,0,1,0,,95431
NY0015300,0.94,0.01,0.02,0,0,0.04,37,30,23,13,,,79082
MD0160400,0.78,0.11,0.07,0.03,0,0,295,246,270,220,228,,1036020
MI4143600,0.88,0.04,0.04,0.02,0.02,0,261,213,104,69,,,202513
LA0080100,0.81,0.14,0.03,0,0,0.02,70,38,48,39,39,59,68869
WA0173600,0.72,0.02,0.05,0.11,0,0.12,13,19,3,3,,,97071
MN0860600,1,0,0,0,0,0,0,0,0,0,0,,3549
MN0180500,1,0,0,0,0,0,0,0,0,0,1,,8447
MN0040100,1,0,0,0,0,0,1,0,3,7,0,,15567
MN0430300,1,0,0,0,0,0,2,0,0,0,0,,716
MN0690500,1,0,0,0,0,0,0,0,0,0,2,,4835
MN0020400,0.85,0.12,0,0.04,0,0,5,15,9,5,6,,21291
MN0690600,0.89,0.01,0.02,0.03,0.03,0.03,61,19,69,35,65,,85555
MN0070400,1,0,0,0,0,0,0,0,1,1,0,,3172
MN0220200,1,0,0,0,0,0,0,0,0,0,0,,611
MN0190900,0.92,0.03,0.03,0.03,0,0,3,4,4,2,,,35861
MN0700200,1,0,0,0,0,0,11,3,0,3,5,,6514
MN0430400,1,0,0,0,0,0,0,0,0,0,0,,1724
MN0070200,1,0,0,0,0,0,2,0,0,0,0,,2189
MN0190400,1,0,0,0,0,0,2,3,2,8,0,,11373
MN0620600,0.93,0,0,0.07,0,0,1,0,0,0,3,,22843
MN0700300,1,0,0,0,0,0,2,1,3,0,0,,4935
MN0130500,1,0,0,0,0,0,1,1,1,0,0,,10841
MN0730300,1,0,0,0,0,0,3,2,1,1,0,,2530
MN0271900,0.91,0,0,0,0.09,0,3,0,0,2,4,,14437
MN0550100,0.93,0.02,0.02,0.01,0.01,0,16,6,6,3,13,,120336
MN0700400,0.98,0,0,0.02,0,0,4,2,2,4,2,,42076
MN0380100,1,0,0,0,0,0,0,0,2,4,0,,1750
MN0510200,1,0,0,0,0,0,0,0,0,0,0,,1956
MN0272000,0.87,0,0.04,0.04,0,0.04,0,9,3,0,0,,5625
MN0730400,0.92,0.05,0.03,0,0,0,6,3,6,5,8,,54907
MN0380200,1,0,0,0,0,0,1,0,0,0,0,,3506
MN0190700,0.93,0,0.03,0.03,0,0,3,4,4,4,4,,20007
MN0530100,1,0,0,0,0,0,6,0,2,2,3,,13131
MN0020000,0.96,0.01,0.02,0.01,0.01,0,0,2,4,8,8,,85010
MN0050000,0.96,0,0,0.04,0,0,7,4,1,4,2,,13499
MN0270000,0.94,0.03,0.01,0.02,0,0,8,20,,8,10,,1183
MN0380000,1,0,0,0,0,0,0,0,5,0,0,,5323
MN0540000,1,0,0,0,0,0,0,0,0,0,0,,4006
MN0560000,1,0,0,0,0,0,0,6,1,3,0,,34533
MN0620000,0.86,0.03,0.01,0.1,0,0,7,5,14,29,4,,84720
MN0650000,1,0,0,0,0,0,0,0,0,2,1,,7588
MN0780000,1,0,0,0,0,0,0,0,1,0,0,,1943
TX0430600,0.82,0.07,0.08,0.02,0.01,0,69,79,82,63,59,42,284611
PAPPD0000,0.85,0.13,0.01,0.01,0,0,261,323,372,325,149,,298608
OH0480700,0.81,0.12,0.06,0.01,0,0,1,47,23,12,17,,271237
FL0090000,0.92,0.02,0.06,0,0,0.01,17,17,45,30,26,,150189
NV0020200,0.7,0.14,0.12,0.05,0,0,14,17,19,19,15,12,256217
CA0340H00,0.68,0.09,0.13,0.1,0,0,9,10,11,7,4,1,177331
CA0010000,0.63,0.1,0.14,0.1,0,0.03,49,62,24,23,74,42,130662
CA0010300,0.55,0.15,0.14,0.14,0,0.01,41,12,15,15,24,49,122346
CA0010500,0.63,0.05,0.13,0.1,0.01,0.09,3,7,12,5,6,10,244259
CA0010600,0.62,0.08,0.18,0.05,0,0.07,14,16,16,17,17,32,160891
CA0010800,0.64,0.03,0.1,0.07,0,0.16,0,0,1,3,5,1,49934
CA0010900,0.4,0.18,0.23,0.13,0,0.05,1197,1396,1215,1414,482,482,437923
CA0011000,0.67,0.17,0.17,0,0,0,0,1,0,2,5,1,11184
CA0040000,0,0,0,0,0,1,32,47,41,35,29,15,79208
CA0040300,0.79,0,0.14,0,0,0.07,1,1,4,5,6,3,7320
CA0070000,0.71,0.07,0.15,0.04,0,0.03,11,10,7,5,13,22,300829
CA0070600,0.39,0.09,0.3,0.13,0,0.09,3,6,0,4,2,6,26524
CA0080100,0.63,0,0.25,0.13,0,0,1,4,2,1,5,2,6706
CA0090000,0.93,0.01,0.04,0.01,0,0.01,79,12,10,12,10,6,158704
CA0100300,0.18,0,0.82,0,0,0,0,0,2,1,2,0,8377
CA0100500,0.52,0.06,0.35,0.04,0.01,0.02,209,171,231,146,135,162,535472
CA0100900,0.36,0,0.5,0.14,0,0,1,0,0,0,0,2,11531
CA0110100,0.91,0,0.09,0,0,0,1,3,4,2,6,0,7878
CA0130000,0.22,0,0.74,0.01,0.01,0.02,15,10,13,5,4,13,35027
CA0130200,0.1,0,0.87,0.03,0,0,6,11,4,5,6,8,39957
CA0130600,0.22,0,0.72,0,0.06,0,4,2,2,3,3,3,18528
CA0150000,0.61,0.01,0.33,0.03,0.01,0.01,104,142,115,172,169,164,329083
CA0150100,0.44,0,0.39,0,0,0.17,2,0,2,1,3,3,22149
CA0150200,0.69,0.04,0.24,0,0,0.02,55,49,101,44,87,109,388265
CA0160200,0.67,0.02,0.29,0,0,0.02,6,11,10,7,9,9,58075
CA0170100,0.92,0,0.08,0,0,0,3,2,2,2,2,3,5035
CA0180000,0.86,0,0,0.06,0.08,0,5,19,5,11,0,,15094
CA0190000,0.39,0.09,0.45,0.07,0,0,920,986,1010,985,763,742,2791309
CA0191000,0.62,0.09,0.14,0.09,0,0.06,24,25,36,43,28,17,33776
CA0191200,0.66,0.05,0.22,0.04,0.01,0.01,33,64,51,27,28,23,102419
CA0191800,0.5,0.08,0.31,0.05,0,0.07,15,28,18,23,20,42,39218
CA0192000,0.49,0.04,0.46,0.02,0,0,5,13,13,10,4,7,111054
CA0192200,0.34,0.02,0.57,0.04,0,0.03,12,6,12,11,3,5,115690
CA0192500,0.59,0.02,0.3,0.09,0,0,36,52,56,39,40,51,200168
CA0193300,0.36,0.12,0.43,0.03,0,0.06,29,13,12,10,4,11,107986
CA0194100,0.53,0.05,0.32,0.09,0.01,0,224,210,182,157,132,149,462654
CA0195300,0.48,0.13,0.33,0.06,0,0,16,18,47,45,53,57,141473
CA0195500,0.47,0.07,0.34,0.06,0,0.06,19,69,68,65,62,58,151982
CA0196500,0.49,0.13,0.37,0,0,0.02,10,4,2,4,3,8,90474
CA0196700,0.62,0.03,0.24,0.11,0,0,8,1,7,11,5,5,11467
CA0196900,0.25,0.03,0.71,0,0,0.01,13,5,6,8,15,11,93336
CA0197200,0.65,0.06,0.16,0.12,0,0.01,22,42,33,41,39,42,143421
CA0197600,0.54,0.03,0.43,0.01,0,0,14,18,19,12,6,5,85074
CA0210000,0.8,0.04,0.1,0.06,0.01,0.01,4,1,1,3,1,8,65298
CA0240000,0.56,0.07,0.22,0.06,0,0.09,7,11,5,5,7,10,95142
CA0270800,0.57,0.01,0.34,0.04,0,0.03,5,6,10,6,23,20,155984
CA0280000,0.92,0.02,0.04,0.03,0,0,6,11,5,9,2,4,23308
CA0300000,0.63,0.03,0.23,0.05,0,0.04,10,98,129,61,85,120,746448
CA0300100,0.65,0.03,0.24,0.07,0,0,23,71,70,74,86,45,351913
CA0300400,0.67,0.02,0.19,0.07,0,0.05,27,18,11,10,16,16,113317
CA0300800,0.66,0.03,0.24,0.07,0,0.01,10,25,41,29,23,30,139011
CA0300900,0.6,0.01,0.27,0.06,0,0.06,7,7,8,7,10,14,171698
CA0301000,0,0,0,0,0,1,20,24,30,20,24,24,200128
CA0301400,0,0,0,0,0,1,18,7,8,5,5,28,84448
CA0301500,0.73,0.03,0.15,0.05,0,0.04,7,10,8,3,14,11,138846
CA0301900,0.33,0.02,0.58,0.06,0,0.01,36,38,54,45,22,39,333107
CA0302600,0.73,0.01,0.12,0.13,0,0,31,27,33,11,17,22,297069
CA0310000,0.93,0,0.04,0.02,0.01,0,3,7,2,1,1,2,122516
CA0330000,0.6,0.04,0.32,0.02,0,0.02,70,46,33,33,19,17,1436865
CA0330800,0.74,0.02,0.2,0.02,0,0.03,3,6,8,9,1,10,86058
CA0331300,0.65,0.06,0.24,0.04,0,0,9,52,45,39,41,29,334370
CA0331500,0.64,0.01,0.32,0.01,0,0.01,17,10,14,8,13,31,171848
CA0340400,0.75,0.04,0.11,0.09,0.01,0,3,4,146,238,221,268,519050
CA0360200,0.66,0.05,0.18,0.05,0,0.07,13,1,3,5,2,2,96309
CA0360300,0.51,0.04,0.4,0,0,0.04,3,7,9,3,8,11,55117
CA0360400,0.72,0.02,0.23,0.01,0,0.02,6,9,7,9,6,16,216553
CA0360700,0.55,0.05,0.32,0.03,0,0.04,18,14,13,18,15,18,187464
CA0360900,0.52,0.1,0.34,0.02,0.01,0,10,10,5,5,19,18,104004
CA0361000,0.57,0.07,0.3,0.03,0,0.02,30,18,20,40,54,43,216365
CA0370000,0.67,0.04,0.21,0.05,0.01,0.02,13,9,214,204,204,226,922620
CA0370100,0.79,0.03,0.1,0.02,0,0.06,22,13,5,17,15,22,116516
CA0370200,0.55,0.05,0.28,0.04,0.02,0.05,15,31,19,6,13,11,278027
CA0370500,0.79,0.01,0.08,0.05,0.01,0.06,5,2,2,5,3,6,103035
CA0370600,0,0,0,0,0,1,19,14,46,10,9,42,152446
CA0370900,0.62,0.02,0.28,0.03,0.01,0.03,13,1,18,4,5,12,61710
CA0371000,0.63,0.07,0.21,0.08,0.01,0,24,20,13,23,24,21,176616
CA0371100,0.63,0.06,0.21,0.08,0.01,0,129,74,102,194,198,124,1437608
CA0380100,0.5,0.09,0.16,0.16,0,0.08,251,678,842,842,826,746,881514
CA0390000,0.79,0.02,0.13,0.04,0,0.01,18,21,21,29,41,29,174825
CA0390500,0.62,0.03,0.27,0.08,0,0,10,11,11,12,29,14,314981
CA0400000,0,0,0,0,0,1,21,23,45,35,39,22,121014
CA0410000,0.63,0.04,0.15,0.06,0.01,0.1,32,53,52,27,62,47,129307
CA0410100,0.84,0.11,0.05,0,0,0,1,0,1,0,3,2,7162
CA0410200,0.83,0.1,0.07,0,0,0,5,2,5,0,7,4,27063
CA0410600,0.64,0.05,0.18,0.07,0,0.06,9,8,8,12,12,10,106855
CA0411300,0.67,0.01,0.26,0.05,0,0.01,6,7,15,8,5,9,86983
CA0411600,0,0,0,0,0,1,2,1,5,9,5,3,105246
CA0420400,0.51,0.03,0.4,0.02,0.01,0.03,42,22,36,27,20,17,108140
CA0430000,0.5,0.04,0.27,0.09,0.01,0.08,110,30,52,51,66,139,160542
CA0430400,0.72,0.02,0.26,0,0,0,1,3,1,1,1,1,60269
CA0430800,0.44,0.04,0.2,0.3,0,0.02,6,6,3,2,6,8,86416
CA0431600,0.72,0.04,0.11,0.13,0,0,2,2,10,2,6,,154133
CA0440300,0.36,0,0.57,0.01,0,0.06,30,10,22,11,14,8,54151
CA0480300,0.85,0.03,0.07,0.03,0,0.02,5,5,21,24,32,24,118491
CA0480500,0.65,0.09,0.26,0,0,0,9,3,12,15,7,,29842
CA0480700,0.73,0.07,0.11,0.1,0,0,15,8,11,45,50,24,122326
CA0490500,0.86,0.02,0.11,0.02,0,0,68,30,85,74,35,55,176932
CA0500000,0.77,0,0.19,0.04,0,0,45,29,32,36,27,38,173533
CA0500100,0.67,0.02,0.26,0.02,0,0.02,3,5,4,8,6,11,49028
CA0500200,0.63,0.02,0.16,0.04,0.01,0.14,32,43,37,41,36,33,216560
CA0540000,0.44,0.02,0.34,0.01,0,0.18,10,8,26,17,17,25,135064
CA0540500,0.5,0,0.37,0.02,0.02,0.1,4,3,3,2,3,8,59757
CA0540700,0.69,0.01,0.28,0.02,0,0,2,11,6,2,17,12,135733
CA0560000,0.67,0.02,0.25,0.05,0,0.01,149,67,69,65,42,69,890327
CA0560400,0.58,0.03,0.33,0.04,0,0.02,47,44,50,18,26,28,210064
CA0560800,0.72,0.02,0.23,0,0.01,0.02,22,21,22,12,23,28,109295
CA0560900,0.92,0.02,0.02,0.04,0,0,7,6,7,1,11,6,125742
CA0570100,0.82,0.02,0.07,0.1,0,0,9,10,13,7,7,10,69853
CA0580000,0.76,0.06,0.1,0.04,0,0.04,18,7,14,7,8,20,62174
CA0580200,0.63,0,0.38,0,0,0,0,4,0,0,0,0,3916
MA0011500,0.98,0.02,0,0,0,0,4,,1,1,,,23015
AR0720200,0.84,0.01,0.11,0.01,0.01,0.02,8,13,9,18,,,74914
MA0120300,0.71,0.21,0.08,0.01,0,0,14,19,22,32,27,,99171
VA0210100,0.88,0.08,0.02,0.01,0,0,29,44,56,67,107,88,356705
MD0140100,0.78,0.13,0.03,0.05,0,0,7,14,13,8,14,10,329010
NV0160100,0.84,0.01,0.09,0.03,0.01,0.01,21,30,22,33,41,,259168
MI3913900,1,0,0,0,0,0,30,59,53,47,49,,108184
TX0570400,0.89,0.06,0.02,0.02,0,0.01,,81,,68,70,,83926
TN0630100,0.83,0.11,0.04,0,0,0.03,11,8,4,13,13,,161167
GA1060100,0.71,0.25,0.02,0,0,0.01,79,58,41,23,27,,195998
TX0680200,0.59,0.08,0.33,0,0,0,27,19,29,15,8,25,124059
AK0010100,0.81,0.05,0.05,0.05,0.02,0.02,207,320,254,227,223,,286388
FL0510000,0.86,0.01,0.09,0,0,0.02,,,,158,160,,518973
SC0400000,0.66,0.3,0.04,0.01,0,0,170,89,121,143,88,,269653
NJ0010200,0.69,0.2,0.09,0.02,0,0,,,,52,48,,37550
NJ0090100,0.86,0.02,0.12,0,0,0,,,,23,31,,65013
NJ0070100,0.79,0.03,0.15,0.03,0,0,,,,55,9,,36533
NJ0070200,0.67,0.07,0.21,0.05,0.01,0,,,,59,53,,50221
NJ0050200,0.95,0.05,0,0,0,0,,,,9,2,,3401
NJ0070600,0.05,0.84,0.1,0,0,0.01,,,,291,187,,64320
NJ0041500,0.96,0.02,0.02,0,0.01,0,,,,73,82,,63755
NJ0090500,0.67,0.04,0.29,0,0,0,,,,168,47,,52902
NJ0070900,0.07,0.79,0.12,0.01,0,0.01,,,,35,79,,54306
NJ0151400,0.77,0.11,0.1,0,0,0.02,20,17,32,26,8,,108023
NJ0200900,0.8,0.05,0.15,0,0,0,,,,60,21,,42515
NJ0071300,0.7,0.18,0.08,0.03,0,0.02,,,,35,23,,38621
NJ0090800,0.43,0,0.55,0.01,0,0.01,,,,43,22,,60567
NJ0111100,0.55,0.16,0.29,0,0,0,,,,49,99,,82909
NJ0201900,0.85,0.07,0.08,0,0,0,,,,26,27,,58613
NJ0061400,0.75,0.04,0.21,0,0,0,,,,102,34,,59288
NJ0091200,0.22,0.01,0.77,0,0,0,,,,21,9,,52977
NJ0026800,1,0,0,0,0,0,,,,0,1,,5845
OR0340000,0.89,0.01,0.04,0.04,0.01,0.01,11,19,2,13,9,,243892
NC0410000,0.85,0.11,0.03,0,0.01,0,5,6,7,9,44,,129775
GA0580000,0.96,0.02,0.01,0.02,0,0,27,59,52,41,50,,246121
NC0340000,0.86,0.11,0.01,0,0.01,0,,43,40,26,,,110377
WI0130000,0.91,0.04,0.02,0.03,0,0,,33,13,13,22,,85703
FL0060000,0.62,0.14,0.21,0.01,0,0,,,202,158,,,11059
GA0560000,0.86,0.09,0.04,0,0,0.01,51,68,77,67,41,,52901
NY0260000,0.96,0.01,0.02,0,0,0,0,0,0,0,0,6,43099
NY0380000,1,0,0,0,0,0,,,6,2,2,,43171
SC0070000,0.85,0.08,0.05,0,0.01,0,14,4,11,6,,,141108
NY0145500,0.99,0,0.01,0,0,0,10,17,9,2,8,,76536
GA0330200,0.8,0.13,0.05,0.02,0,0,,,,172,,,567781
GA0570100,0.96,0,0.04,0,0,0,,,,15,,,60764
GA0670200,0.75,0.19,0.04,0.01,0,0.01,,,,118,,11,808447
GA0750500,0.76,0.21,0.02,0.01,0,0.01,,,,2,,,193599
KS0810000,0.94,0.04,0.02,0,0,0,,,,7,,,74392
MD0172100,0.45,0.42,0.09,0.03,0,0,,,,228,25,24,697717
NY0510100,0.85,0.02,0.1,0,0,0.02,,,,184,,,1303112
NY0590000,0.73,0.04,0.1,0,0,0.13,,,,13,,,69019
SC0260400,0.87,0.08,0.01,0.01,0,0.03,,,,56,,,275827
VA0020300,0.91,0.06,0.02,0.01,0,0.01,,,,10,,,110426
VA0430100,0.9,0.05,0.03,0.01,0,0,,,,105,,,333274
VA0800300,0.91,0.07,0.02,0,0,0.01,,,,6,,,86192
AL0010100,0.48,0.52,0,0,0,0,,,,2,,,26347
AL0010200,0.4,0.58,0.02,0,0,0,,,,24,,,207443
AL0011200,0.88,0.12,0,0,0,0,,,,3,,,61273
AL0020100,0.67,0.29,0.02,0.01,0.01,0,,,,106,,,243900
AL0030100,0.54,0.45,0.01,0.01,0,0,,,,264,,,197755
AL0110500,0.95,0,0,0,0,0.05,,,,1,,,17017
AL0290300,0.67,0.33,0,0,0,0,,,,1,,,1016
AL0310200,0.91,0.07,0,0,0,0.02,,,,11,,,34791
AL0320100,0.67,0.33,0,0,0,0,,,,0,,,4239
AL0380100,0.86,0.09,0.02,0.02,0.01,0,,,,94,,,67975
AL0410100,0.93,0.05,0.02,0,0,0,,,,19,,,40936
AL0430100,0.81,0.17,0.01,0,0,0.01,,,,14,,,67814
AL0470100,0.82,0.16,0.01,0.01,0,0,,,,254,,,200771
AL0600200,0.2,0.8,0,0,0,0,,,,0,,,3240
AR0230100,0.9,0.07,0.02,0,0.01,0,,,,5,,,68599
AR0260100,0.91,0.06,0.03,0,0,0,,,,7,,,38893
AR0350100,0.37,0.6,0,0.01,0,0.02,,,,51,,,40718
AR0600300,0.9,0.09,0.02,0,0,0,,,,14,,,66303
AR0710100,0.86,0,0,0,0.14,0,,,,3,,,2008
AZ0072100,0.8,0.03,0.12,0.02,0.01,0.03,,,,0,,,178486
AZ0100700,0.81,0.01,0.16,0.02,0,0,,,,14,,,46634
CO0300400,0.81,0.03,0.14,0.02,0,0,,,,110,,,159719
CO0350200,1,0,0,0,0,0,,,,6,,,6480
CO0450100,0.62,0.08,0.31,0,0,0,,,,0,,,6859
CO0510100,0.66,0.02,0.3,0,0.01,0.02,,,,16,,,113002
CO0620200,0.9,0.01,0.08,0.01,0,0,,,,9,,,110505
CO0640100,0.87,0.02,0.1,0,0,0.02,,,,4,,,71795
CT0000200,0.88,0.05,0.07,0,0,0,,,,12,,,18586
CT0004300,0.84,0.07,0.08,0,0,0.01,,,,16,,,49720
CT0005100,0.93,0.04,0.04,0,0,0,,,,8,,,62311
CT0005700,0.86,0.07,0.05,0.01,0,0,,,,6,,,63012
CT0006400,0.67,0.12,0.19,0.01,0,0,,,,73,71,,121749
CT0008300,0,0,0,0,0,1,,,,20,,,46106
CT0008400,0.93,0.04,0.04,0,0,0,,,,17,,,54968
CT0010100,0.94,0.02,0.04,0,0,0,,,,2,,,23639
CT0013800,0.7,0.1,0.2,0,0,0,,,,13,,,51895
CT0015100,0.79,0.08,0.13,0,0,0,,,,36,,,107263
CT0015500,0.94,0.02,0.03,0.01,0,0,,,,9,,,62911
FL0062100,0.76,0.08,0.15,0,0,0.01,,,,5,,,59449
FL0130200,0.34,0.06,0.59,0.01,0,0,,,,10,,,50017
FL0130400,0.09,0.06,0.83,0.01,0,0.01,,,,47,,,234235
FL0131000,0.3,0.22,0.46,0,0,0.02,,,,14,,,43273
FL0131100,0.15,0.08,0.75,0.02,0,0,,,,10,,,68425
FL0132500,0.5,0,0.5,0,0,0,,,,0,,,89
FL0190100,0.86,0.14,0,0,0,0,,,,0,,,2369
FL0350100,0.84,0.08,0.08,0,0,0,,,,11,,,21642
FL0370300,0.77,0.16,0.05,0.01,0,0.01,,,,20,,171,196012
FL0410200,0.78,0.07,0.13,0,0,0.02,,,,42,,,60688
FL0420300,1,0,0,0,0,0,,,,0,,,1852
FL0500300,0.7,0.1,0.19,0,0,0.01,,,,23,,,79913
FL0500400,0.72,0.1,0.13,0.01,0,0.04,,,,56,,,70487
FL0500700,0.38,0.61,0.01,0.01,0,0,,,,11,,,35798
FL0502600,0.7,0.12,0.15,0.02,0,0.01,,,,7,,,58629
FL0560100,0.58,0.23,0.17,0.02,0,0,,,,63,,,46574
FL0580100,0.79,0.1,0.09,0.02,0,0,,,,66,,,59002
FL0580300,0.9,0.04,0.06,0,0,0,,,,7,,,72389
FL0640100,0.72,0.19,0.08,0.01,0,0,,,,6,,,70084
GA0330300,0.83,0.1,0.07,0,0,0,,,,6,,,61348
GA0600200,0.31,0.65,0.02,0,0,0.02,,,,12,,,34997
GA0650200,0.6,0.4,0,0,0,0,,,,0,,,464
GA0920100,0.75,0.2,0.03,0.02,0,0,,,,17,,,56628
GA0990200,0.5,0.33,0.17,0,0,0,,,,4,,,842
GA1190200,1,0,0,0,0,0,,,,0,,,1111
GA1260100,0.81,0.17,0.01,0,0,0,,,,28,,,22773
GA1330200,0.33,0.67,0,0,0,0,,,,0,,,949
HI0040000,0.26,0,0,0.33,0,0.41,11,16,14,14,12,13,72121
IA0070300,0.96,0.02,0.01,0,0,0.02,,,,61,,,67200
IA0310100,0.94,0.03,0.03,0,0,0,,,,0,,,57904
IA0750100,1,0,0,0,0,0,,,,5,,,10110
IA0780100,0.98,0,0.02,0,0,0,,,,24,,,62144
IA0820200,0.93,0.03,0.04,0,0,0,,,,78,,,101806
IA0850200,0.9,0,0.1,0,0,0,,,,0,,,6662
IA0970100,0.94,0.02,0.02,0.01,0,0,,,,69,,,82622
ID0210100,1,0,0,0,0,0,,,,2,,,5592
ID0280500,1,0,0,0,0,0,,,,0,,,9449
IL0163500,0.84,0.05,0.05,0.05,0,0,,,,8,,,13653
IL0167900,0.9,0,0.07,0,0,0.02,,,,6,,,27084
IL0168300,0.94,0.01,0.05,0.01,0,0,,,,28,,,57806
IL0168800,0.9,0.1,0,0,0,0,,,,4,,,17904
IL0169700,0,1,0,0,0,0,,,,6,,,5448
IL0200100,0.92,0,0.08,0,0,0,,,,0,,,6799
IL0221600,0.89,0,0.07,0,0,0.04,,,,0,,,18781
IL0440200,1,0,0,0,0,0,,,,0,,,1061
IL0450100,0.78,0.07,0.16,0,0,0,,,,0,,,130539
IL0510200,1,0,0,0,0,0,,,,2,,,4396
IL0560100,0.95,0,0.05,0,0,0,,,,1,,,22138
IL0590900,1,0,0,0,0,0,,,,0,,,4924
IL0600500,0.93,0.05,0.02,0,0,0,,,,2,,,25327
IL0690200,1,0,0,0,0,0,,,,0,,,964
IL0730200,1,0,0,0,0,0,,,,1,,,5343
IL0820800,1,0,0,0,0,0,,,,0,,,4225
IL0960100,1,0,0,0,0,0,,,,2,,,4914
IN0150300,1,0,0,0,0,0,,,,3,,,4320
IN0180100,0.96,0.04,0,0,0,0,,,,0,,,67760
IN0290100,0.92,0.05,0.02,0,0,0.01,,,,31,,,103100
IN0380200,1,0,0,0,0,0,,,,26,,,5978
IN0480200,0.87,0.09,0.01,0,0.01,0.03,,,,13,,,54623
IN0710100,0.99,0,0,0.01,0,0,,,,11,,,50610
IN0760100,1,0,0,0,0,0,,,,1,,,8748
IN0840100,0.97,0.03,0,0,0,0,,,,20,,,60604
KS0210300,1,0,0,0,0,0,,,,0,,,1332
KS0220100,0.75,0.25,0,0,0,0,,,,0,,,1188
KS0290100,0.78,0.05,0.18,0,0,0,,,,13,,,27066
KS0870500,0.8,0.13,0.07,0,0,0,,,,6,,,7383
KS0970100,0.75,0,0.17,0,0,0.08,,,,1,,,5365
KY0340200,0.87,0.1,0.02,0,0,0.01,,,,180,,,325851
KY0470100,0.92,0.04,0.02,0,0,0.02,,,,2,,,30505
KY0580100,1,0,0,0,0,0,,,,0,,,3964
KY0590100,0.96,0.04,0,0,0,0,,,,2,,,40324
KY0591100,1,0,0,0,0,0,,,,0,,,6819
LA0010300,0.89,0.11,0,0,0,0,,,,0,,,4336
LA0090100,0.6,0.36,0.02,0.02,0.01,0,,,,103,,,183057
LA0260100,0.83,0.14,0.02,0.01,0,0,,,,10,,,17637
LA0260300,0.78,0.15,0.06,0,0,0.01,,,,88,,,66308
LA0370100,0.69,0.31,0,0,0,0,,,,1,,,47119
LA0400100,0.78,0.19,0.01,0.01,0,0,,,,0,,,45986
MA0010100,0.92,0.03,0.03,0,0,0.02,,,,1,,,44169
MA0070500,0.82,0.03,0.03,0,0,0.12,,,,9,,,54918
MA0071000,0.92,0.01,0.08,0,0,0,,,,8,,,40002
MA0072100,0.85,0.15,0,0,0,0,,,,7,,,28437
MA0092600,0.79,0.02,0.13,0.05,0,0,,,,28,,,110876
MA0094700,0.95,0.02,0.03,0,0,0,,,,3,,,62339
MA0110100,1,0,0,0,0,0,,,,3,,,4561
MA0110400,0.79,0.06,0.05,0.07,0,0.02,,,,2,,,59057
MA0130300,0.62,0.04,0.32,0.03,0,0,,,,2,,,39995
MA0141800,0,0,0,0,0,1,,,,2,,,3047
MA0141900,0.89,0.11,0,0,0,0,,,,2,,,6595
MD0020100,0.66,0.25,0.05,0.04,0.01,0,,,,70,,,39315
ME0050800,1,0,0,0,0,0,,,,2,,,1795
ME0062100,1,0,0,0,0,0,,,,1,,,3340
ME0090300,1,0,0,0,0,0,,,,2,,,2624
ME0160200,1,0,0,0,0,0,,,,0,,,9855
MI0364100,1,0,0,0,0,0,,,,0,,,3997
MI2539800,0,0,0,0,0,1,,,,15,,,94842
MI2589900,1,0,0,0,0,0,,,,5,,,7431
MI3238700,1,0,0,0,0,0,,,,0,,,1038
MI3356300,0.92,0,0.08,0,0,0,,,,6,,,8480
MI3384300,0.87,0,0.13,0,0,0,,,,2,,,8254
MI3849700,0.85,0.11,0.04,0,0,0,,,,4,,,32332
MI4175400,1,0,0,0,0,0,,,,0,,,4429
MI4632000,0.75,0,0.25,0,0,0,,,,3,,,2285
MI4668900,0.8,0.2,0,0,0,0,,,,2,,,7784
MI4693500,1,0,0,0,0,0,,,,0,,,8229
MI5076500,0.97,0.02,0,0.01,0,0,,,,57,,,132745
MI5080600,0.98,0.01,0.01,0.01,0,0,,,,16,,,133928
MI5249500,1,0,0,0,0,0,,,,0,,,6410
MI7371800,1,0,0,0,0,0,,,,2,,,38971
MI7879700,1,0,0,0,0,0,,,,0,,,767
MI8023100,0.8,0,0.2,0,0,0,,,,3,,,1827
MI8121800,0.85,0.09,0.02,0.01,0.03,0,,,,29,,,120647
MO0020100,1,0,0,0,0,0,,,,1,,,5240
MO0110100,0.95,0.04,0.01,0,0,0,,,,51,,,74680
MO0270500,1,0,0,0,0,0,,,,0,,,760
MO0550100,0.94,0,0.06,0,0,0,,,,3,,,7441
MO0610300,0.85,0.08,0,0,0,0.08,,,,0,,,5326
MO0660300,1,0,0,0,0,0,,,,3,,,1708
MO0820100,1,0,0,0,0,0,,,,6,,,5617
MS0240100,0.89,0.08,0.01,0.02,0,0.01,,,,15,,,46433
MS0240200,0.9,0.1,0,0,0,0,,,,89,,,72142
MS0610600,0.94,0.06,0,0,0,0,,,,3,,,4536
NB0610100,1,0,0,0,0,0,,,,2,,,2867
NB0650100,1,0,0,0,0,0,,,,2,,,1791
NC0010100,0.91,0.05,0.03,0,0,0.01,,,,23,,,54150
NC0100800,0.92,0,0,0,0.08,0,,,,0,,,680
NC0110100,0.9,0.06,0.03,0,0,0,,,,41,,,93980
NC0160400,1,0,0,0,0,0,,,,0,,,4646
NC0180200,0.85,0.07,0.05,0.04,0,0,,,,10,,,41217
NC0350200,0.33,0.56,0.11,0,0,0,,,,0,,,2267
NC0360400,0.83,0.17,0,0,0,0,,,,2,,,4835
NC0440100,1,0,0,0,0,0,,,,1,,,4364
NC0530100,0.86,0.1,0.04,0.01,0,0,,,,1,,,30299
NC0630200,0.87,0.13,0,0,0,0,,,,3,,,16837
NC0680100,0.87,0.08,0.05,0,0,0.01,,,,31,,,61755
NC0740300,0.74,0.16,0.06,0,0.01,0.03,,,,49,,,94372
NC0780100,0.55,0.16,0,0.01,0.27,0.01,,,,4,,,20370
NC0780200,0.33,0.22,0,0,0.44,0,,,,6,,,2152
NC0860300,1,0,0,0,0,0,,,,0,,,1406
NC0921700,0.89,0.11,0,0,0,0,,,,7,,,39600
NC0980100,0.71,0.21,0.06,0,0,0.03,,,,25,,,49486
NC0990300,1,0,0,0,0,0,,,,1,,,1139
ND0080100,0.98,0.01,0.01,0,0,0,,,,14,30,,74997
ND0260200,1,0,0,0,0,0,,,,0,,,880
NH0050400,0.8,0,0,0,0,0.2,,,,0,,,2053
NH0060600,1,0,0,0,0,0,,,,6,,,22788
NH0061000,1,0,0,0,0,0,,,,0,,,5506
NH0071000,1,0,0,0,0,0,,,,0,,,1714
NJ0024200,0.96,0,0.04,0,0,0,,,,1,,,12929
NJ0033100,0.93,0.07,0,0,0,0,,,,5,,,7788
NJ0043200,1,0,0,0,0,0,,,,8,,,6937
NJ0090600,0.4,0.11,0.31,0.04,0,0.13,,,,59,,,263273
NJ0091000,0.19,0.02,0.79,0,0,0,,,,41,,,68055
NJ0121400,0.65,0.13,0.18,0.03,0,0.01,,,,75,,,55701
NJ0122500,0.84,0.02,0.11,0.02,0.01,0,,,,106,,,100119
NJ0131500,0.79,0.04,0.18,0,0,0,,,,3,,,11643
NJ0142800,1,0,0,0,0,0,,,,0,,,3116
NJ0161400,0.96,0.02,0.02,0.01,0,0,,,,35,,,53162
NJ0180700,1,0,0,0,0,0,,,,1,,,903
NJNPD0000,0.24,0.34,0.42,0,0,0,,,,862,,,282242
NM0220100,0.67,0,0.24,0,0,0.1,,,,6,,,11525
NV0140100,0.6,0,0.4,0,0,0,,,,0,,,1822
NY0030100,0.9,0.04,0.05,0,0,0.01,,,,29,,,44083
NY0042000,0.94,0.06,0,0,0,0,,,,0,,,1685
NY0110100,1,0,0,0,0,0,,,,10,,,18615
NY0122900,0.8,0.2,0,0,0,0,,,,0,,,2768
NY0124200,1,0,0,0,0,0,,,,1,,,1947
NY0130100,0.83,0.05,0.12,0,0,0,,,,7,,,13984
NY0140300,1,0,0,0,0,0,,,,0,,,14700
NY0143000,1,0,0,0,0,0,,,,0,,,9744
NY0143200,1,0,0,0,0,0,,,,0,,,2852
NY0145100,0.98,0.01,0.01,0,0,0,,,,0,,,121304
NY0147200,0.96,0.02,0.01,0,0,0.01,,,,10,,,56503
NY0147400,0.98,0,0,0,0,0.02,,,,0,,,45278
NY0192100,0.89,0,0.11,0,0,0,,,,1,,,3787
NY0192500,0.82,0,0.18,0,0,0,,,,0,,,1672
NY0212500,0.75,0,0.06,0,0,0.19,,,,3,,,1933
NY0222600,1,0,0,0,0,0,,,,0,,,689
NY0223800,1,0,0,0,0,0,,,,2,,,3250
NY0260100,0.96,0,0,0,0,0.04,,,,5,,,10849
NY0270200,0.96,0.02,0,0,0,0.02,,,,11,,,49889
NY0290400,0.67,0.15,0.17,0,0,0.01,22,15,11,10,21,,42962
NY0290600,0.52,0.29,0.09,0,0,0.11,,,,24,,,55230
NY0293500,1,0,0,0,0,0,,,,0,,,2919
NY0296300,0.88,0,0.08,0,0,0.04,,,,0,,,3161
NY0298800,0.86,0,0.07,0,0,0.07,,,,0,,,4300
NY0310200,0.95,0.05,0,0,0,0,,,,46,,,47474
NY0315400,0.96,0.04,0,0,0,0,,,,0,,,15671
NY0320200,0.91,0.04,0.05,0,0,0.01,,,,25,,,59483
NY0324000,1,0,0,0,0,0,,,,2,,,3200
NY0325000,0.93,0,0.07,0,0,0,,,,2,,,8948
NY0333100,1,0,0,0,0,0,,,,4,,,2191
NY0350100,0.89,0.01,0.1,0,0,0,,,,2,,,28194
NY0357700,0.95,0,0.05,0,0,0,,,,2,,,8095
NY0358100,0.71,0.07,0.22,0,0,0,,,,2,,,8938
NY0362100,0.92,0,0.08,0,0,0,,,,0,,,1669
NY0395100,0.94,0,0.06,0,0,0,,,,0,,,13123
NY0435000,0.87,0.02,0.11,0,0,0,,,,2,,,80462
NY0435300,0.84,0.07,0.09,0,0,0,,,,6,,,95165
NY0460100,0.88,0.05,0.03,0,0,0.03,,,,20,,,65176
NY0515800,0.91,0.04,0.05,0,0,0,,,,10,,,51162
NY0522200,0.56,0.24,0.2,0,0,0,,,,0,,,6338
NY0532000,1,0,0,0,0,0,,,,0,,,4083
NY0552600,0.8,0.1,0.1,0,0,0,,,,1,,,4000
NY0556600,0.87,0.13,0,0,0,0,,,,2,,,5754
NY0590200,0.65,0.12,0.22,0,0,0.01,,,,12,,,58240
NY0590300,0.39,0.37,0.22,0,0,0.02,,,,25,,,67339
NY0590700,0.63,0.06,0.15,0,0,0.16,,,,50,,,200816
NY0592200,0.82,0.09,0.1,0,0,0,,,,0,,,6422
NY0592800,0.72,0.07,0.21,0,0,0,,,,0,,,11383
NY0595300,0.66,0.15,0.14,0,0,0.05,,,,5,,,44727
NY0595900,0.88,0.06,0.06,0,0,0,,,,2,,,12266
NY0596300,1,0,0,0,0,0,,,,1,,,5133
OH0040200,1,0,0,0,0,0,,,,2,,,12498
OH0040300,0.83,0,0.17,0,0,0,,,,1,,,5908
OH0040700,0.8,0,0,0,0,0.2,,,,0,,,2779
OH0120200,0.9,0.08,0.03,0,0,0,,,,14,,,58696
OH0180200,0.95,0.02,0,0,0,0.02,,,,3,,,11547
OH0184300,1,0,0,0,0,0,,,,5,,,19679
OH0260300,1,0,0,0,0,0,,,,0,,,1237
OH0470500,0.81,0.03,0.14,0,0,0.02,,,,20,,,63831
OH0500900,0.79,0.16,0.04,0,0,0.01,,,,66,,,65316
OH0640100,1,0,0,0,0,0,,,,0,,,2477
OH0671200,0.97,0,0,0,0,0.03,,,,0,,,16527
OH0750400,0.67,0,0,0,0,0.33,,,,0,,,1527
OH0760400,0.86,0.11,0.01,0.01,0,0.01,,,,10,,,70124
OH0762100,1,0,0,0,0,0,,,,1,,,4343
OH0762300,1,0,0,0,0,0,,,,7,,,28005
OH0770100,0.81,0.17,0.01,0.01,0,0,,,,36,,,197433
OH0840100,1,0,0,0,0,0,,,,1,,,6381
OH0871200,1,0,0,0,0,0,,,,0,,,1242
OK0140200,0.89,0.04,0.03,0.01,0.03,0,,,,76,,,126480
OK0720400,1,0,0,0,0,0,,,,0,,,5578
OR0240200,0.93,0,0.06,0.01,0,0,,,,17,,,148166
PA0031000,1,0,0,0,0,0,,,,0,,,2545
PA0080300,1,0,0,0,0,0,,,,3,,,6334
PA0094700,1,0,0,0,0,0,,,,2,,,20255
PA0233700,0.98,0.02,0,0,0,0,,,,13,,,82947
PA0380300,1,0,0,0,0,0,,,,0,,,7616
PA0390100,0.88,0.03,0.09,0,0,0,,,,22,,,121818
PA0430200,1,0,0,0,0,0,,,,0,,,5202
PA0461400,0.94,0.05,0.02,0,0,0,,,,14,,,60353
PA0480900,0.94,0.03,0,0,0,0.03,,,,4,,,21506
PA0500300,1,0,0,0,0,0,,,,0,,,1586
PA0634000,1,0,0,0,0,0,,,,0,,,3517
PA0676000,1,0,0,0,0,0,,,,2,,,7597
RI0050400,0.98,0,0,0,0,0.02,,,,12,,,22277
SC0090200,0.43,0.57,0,0,0,0,,,,4,,,1901
SC0210100,0.63,0.37,0,0,0,0,,,,10,,,38597
SC0230200,0.83,0.13,0.03,0.01,0.01,0,,,,74,,,72014
SC0260600,0.95,0.05,0,0,0,0,,,,61,,,35658
SC0430100,0.65,0.34,0.01,0,0,0,,,,8,,,39542
SD0180100,1,0,0,0,0,0,,,,0,,,1709
TN0060100,0.91,0.04,0.03,0.01,0,0,,,,0,,,45994
TN0070100,1,0,0,0,0,0,,,,4,,,2148
TN0350100,0.74,0.22,0.04,0,0,0,,,,15,,,4892
TN0470100,0.93,0.06,0,0,0,0,,,,23,,,188672
TN0570100,0.73,0.25,0.01,0,0,0,,,,37,,,67234
TN0750100,0.84,0.11,0,0.02,0.02,0,,,,93,,,151769
TN0790100,0.96,0.03,0,0,0,0.01,,,,17,,,51677
TN0790600,0.92,0.04,0.02,0,0,0.02,,,,3,,,59714
TN0820200,0.99,0.01,0,0,0,0,,,,14,,,51320
TN0830600,0.85,0.08,0,0,0.08,0,,,,1,,,5290
TN0900100,0.98,0.01,0.01,0,0,0.01,,,,4,,,65560
TN0900200,0.94,0.06,0,0,0,0,,,,2,,,5675
TN0920400,1,0,0,0,0,0,,,,0,,,2074
TN0940100,0.9,0.02,0.06,0.02,0.01,0,,,,40,,,85722
TX0140700,0.74,0.11,0.1,0.02,0.02,0.01,,,,0,,,79878
TX0200500,0.51,0.09,0.34,0,0,0.06,,,,0,,,12144
TX0200900,0.81,0.06,0.06,0,0,0.06,,,,3,,,13971
TX0210100,0.8,0.05,0.13,0.01,0,0.01,,,,17,,,87435
TX0310300,0.15,0.01,0.83,0.01,0,0,,,,0,,,65014
TX0610100,0.88,0,0.13,0,0,0,,,,0,,,4527
TX1010100,0.68,0.1,0.2,0.02,0,0.01,,,,13,,,73610
TX1011500,0.72,0.04,0.2,0.01,0,0.03,,,,17,,,151421
TX1050100,0.75,0.05,0.2,0,0,0,,,,26,,,67429
TX1080400,0.06,0.01,0.93,0,0,0,,,,25,,,103491
TX1081000,0.03,0.01,0.97,0,0,0,,,,3,,,85052
TX1230100,0.79,0.15,0.06,0,0,0,,,,104,,,116766
TX1260200,0.86,0.02,0.05,0.02,0,0.06,,,,31,,,39372
TX1290200,0.95,0.05,0,0,0,0,,,,1,,,7930
TX1660200,1,0,0,0,0,0,,,,1,,,5503
TX1750100,0.94,0.03,0.03,0,0,0,,,,0,,,23914
TX1840500,0.83,0.08,0.08,0,0,0,,,,0,,,6096
TX2202500,0.86,0,0,0,0,0.14,,,,0,,,5890
TX2210100,0.88,0.04,0.06,0,0,0,,,,8,,,118336
TX2340300,0.89,0,0,0,0.11,0,,,,0,,,3178
TX2430500,0.88,0.01,0.09,0.02,0.01,0,,,,62,,,104673
VA0350200,1,0,0,0,0,0,,,,6,,,2619
VA0750600,0.67,0.11,0.22,0,0,0,,,,0,,,6038
VA0840200,1,0,0,0,0,0,,,,1,,,1200
VA0960600,1,0,0,0,0,0,,,,0,,,4381
VA1020000,0.86,0.1,0.02,0.02,0,0,,,,37,,,47671
VA1070000,0.85,0.15,0,0,0,0,,,,40,,,39704
VA1160000,0.73,0.16,0.06,0.04,0,0.01,,,,212,,,178896
VA1170000,0.72,0.18,0.06,0.04,0,0,,,,113,,,242516
VA1200000,0.76,0.2,0.03,0,0,0,,,,132,,,94205
VA1230000,0.85,0.09,0.02,0.03,0,0.01,,,,15,,,99335
VA1260000,0.94,0.04,0,0,0.02,0,,,,2,,,25048
VA1270000,0.74,0.22,0.03,0,0,0.01,,,,14,,,92881
VT0140800,1,0,0,0,0,0,,,,0,,,2727
WA0050200,1,0,0,0,0,0,,,,0,,,3918
WA0060400,0.9,0,0,0.1,0,0,,,,2,,,16334
WA0130300,0.82,0,0.18,0,0,0,,,,6,,,8183
WA0140600,1,0,0,0,0,0,,,,6,,,1664
WA0270700,0.8,0.03,0.1,0.07,0,0,,,,24,,,10301
WA0310500,0.75,0,0,0,0,0.25,,,,1,,,71522
WA0370500,1,0,0,0,0,0,,,,1,,,15625
WI0111000,1,0,0,0,0,0,,,,2,,,3096
WI0140200,1,0,0,0,0,0,,,,0,,,1442
WI0250200,1,0,0,0,0,0,,,,2,,,2461
WI0280100,0.95,0,0.05,0,0,0,,,,1,,,12425
WI0290300,1,0,0,0,0,0,,,,0,,,2546
WI0450600,1,0,0,0,0,0,,,,0,,,912
WI0540200,0.96,0,0.03,0,0.01,0,,,,21,,,64682
WI0570200,0.97,0,0,0,0,0.03,,,,0,,,12175
WI0680400,0.96,0,0.04,0,0,0,,,,12,,,39703
WV0460100,0.83,0,0.17,0,0,0,,,,4,,,4963
WY0010100,0.98,0,0,0,0.02,0,,,,0,,,32913
AL0030000,0.6,0.4,0,0,0,0,,,,13,,,28557
AL0470000,0.87,0.1,0,0.01,0.01,0.01,,,,60,,,122385
AR0400000,0.82,0.18,0,0,0,0,,,,1,,,10906
AR0600000,0.83,0.16,0.01,0,0,0.01,,,,58,,,49739
AR0660000,0.88,0.03,0.09,0,0,0,,,,0,,,20851
CO0010000,0.8,0.03,0.13,0.02,0,0.01,,,,300,,,100575
CO0070000,0,0,0,0,0,1,,,,44,,,57217
CO0180000,0.9,0.02,0.06,0,0,0.02,,,,123,,,210945
CO0300000,0,0,0,0,0,1,,,,82,,,199169
CO0350000,0.93,0.01,0.05,0,0,0.01,,,,82,,,85371
FL0080000,0.82,0.1,0.06,0.01,0.01,0,,,,122,,,171113
FL0180000,0.69,0.15,0.12,0.02,0.02,0,,,,6,,,108958
FL0310000,0.87,0.06,0.06,0.01,0,0.01,,,,48,,,107526
FL0370000,0.85,0.12,0.02,0,0,0.01,,,,89,,,98722
FL0450000,0.95,0.03,0.02,0,0,0,,,,51,,,76839
FL0600000,0.91,0.04,0.05,0.01,0,0,,,,9,,,128019
GA0080000,0.96,0.03,0,0,0,0.01,,,,0,,,74043
GA0110000,0.5,0.48,0.01,0.01,0,0,,,,165,,,152621
GA0380000,0.88,0.1,0.01,0.01,0,0,,,,36,,,99880
GA0480000,0.83,0.15,0.01,0,0,0,,,,0,,,106645
GA0690000,0.91,0.06,0.02,0,0,0,,,,14,,,146774
GA0760000,0.87,0.11,0.02,0.01,0,0,,,,0,,,55284
GA1050000,1,0,0,0,0,0,,,,2,,,34902
GA1070000,0,0,1,0,0,0,,,,175,,,94745
GA1210000,0.68,0.27,0.03,0.01,0,0,,,,172,,,197731
GA1470000,0.91,0.09,0,0.01,0,0,,,,34,,,67306
IA0570000,0.99,0,0,0,0,0.01,,,,6,,,38615
IA0790000,1,0,0,0,0,0,,,,1,,,9327
ID0200000,0.88,0,0.13,0,0,0,,,,10,,,13166
IL0560000,0.9,0.02,0.07,0,0,0.01,,,,3,,,63810
IL1010000,0.92,0.03,0.04,0,0,0.01,,,,8,,,56203
IN0450000,0.66,0.15,0.19,0,0,0,,,,9,,,47670
IN0710000,0.93,0.06,0.01,0,0,0,,,,8,,,109965
KS0460000,0.92,0.03,0.04,0,0,0,,,,57,,,22126
KS0580000,0,0,0,0,0,1,,,,0,,,4994
KS0820000,1,0,0,0,0,0,,,,0,,,1837
KY0080000,0.96,0.01,0,0,0,0.02,,,,2,,,101711
KY1030000,1,0,0,0,0,0,,,,2,,,16912
LA0100000,0.81,0.17,0.01,0.01,0,0,,,,7,,,90323
LA0230000,0,0,0,0,0,0,,,,11,,,35454
LA0420000,0.9,0.07,0.03,0,0,0,,,,0,,,16531
LA0450000,0.71,0.24,0.04,0.01,0,0,,,,35,,,52942
LA0490000,0.75,0.24,0.01,0,0,0,,,,7,,,48359
LA0520000,0.91,0.07,0.02,0,0,0,,,,49,,,208050
LA0550000,0.79,0.17,0.01,0.01,0.02,0,,,,1,,,77359
MD0090000,0.82,0.14,0.02,0.02,0,0,,,,47,,,154881
MD0190000,0.9,0.03,0.01,0.02,0,0.05,,,,95,,,114031
MI5015000,0.98,0.02,0,0,0,0,,,,40,,,188495
MI6316300,0.87,0.09,0.03,0.01,0,0,,,,7,,,16942
MO0390000,0.96,0.01,0.01,0.01,0,0,,,,35,,,90046
MO0500000,0.99,0,0.01,0,0,0,,,,9,,,164673
MO0740000,1,0,0,0,0,0,,,,0,,,10390
MO0780000,0.89,0.05,0,0,0,0.05,,,,2,,,5562
MO0900000,1,0,0,0,0,0,,,,0,,,6012
MS0250000,0.31,0.69,0,0,0,0,,,,14,,,29827
MS0700000,0.08,0.92,0,0,0,0,,,,8,,,16654
MT0170000,1,0,0,0,0,0,,,,0,,,1269
NB0280000,0.94,0.05,0.02,0,0,0,,,,30,,,81043
NB0760000,0.95,0,0,0.05,0,0,,,,1,,,7147
NC0010000,0.92,0.05,0.03,0,0,0,,,,22,,,68636
NC0130000,0.75,0.04,0.01,0,0,0.2,,,,12,,,81370
NC0320000,0.75,0.24,0.01,0.01,0,0,,,,9,,,38341
NC0650000,0.86,0.11,0.02,0.01,0.01,0,,,,16,,,101301
NC0780000,0.46,0.13,0,0,0.41,0,,,,5,,,95176
NM0010000,0.62,0.04,0.3,0,0.01,0.04,,,,45,,,120556
NV0030000,0.89,0.02,0.07,0.02,0.01,0,,,,7,,,49317
NY0010000,0.95,0.01,0.02,0,0,0.02,,,,7,,,17188
NY0060000,0.9,0.02,0.04,0,0,0.05,,,,2,,,56186
NY0070000,0.98,0.02,0,0,0,0,,,,1,,,39899
NY0180000,0.98,0,0.02,0,0,0,,,,7,,,37985
NY0270000,0.97,0.01,0.02,0,0,0,,,,3,,,236185
NY0390000,1,0,0,0,0,0,,,,3,,,46063
NY0430000,0.92,0.02,0.05,0,0,0.01,,,,2,,,10682
NY0480000,1,0,0,0,0,0,,,,1,,,15763
NY0500000,1,0,0,0,0,0,,,,2,,,58880
OH0230000,1,0,0,0,0,0,,,,9,,,76683
OH0400000,0.31,0.69,0,0,0,0,,,,0,,,18591
OH0500000,0.87,0.11,0.01,0.01,0,0,,,,24,,,15037
OH0570000,0.95,0.04,0,0,0,0,,,,8,,,60839
OK0240000,0.85,0,0.08,0,0.08,0,,,,0,,,7203
SC0020000,0.88,0.09,0.02,0.01,0,0,,,,2,,,109007
SC0230000,0.88,0.08,0.04,0,0,0,,,,28,,,370714
SC0320000,0.91,0.08,0.01,0,0,0,,,,98,,,226184
SC0370000,0,0,0,0,0,0,,,,0,,,64060
SC0420000,0.88,0.08,0.03,0,0,0.01,,,,16,,,251523
SC0430000,0,0,0,0,0,0,,,,6,,,67204
SC0460000,0.85,0.12,0.02,0.01,0.01,0,,,,5,,,161098
SD0100000,1,0,0,0,0,0,,,,0,,,1366
SD0220000,1,0,0,0,0,0,,,,0,,,3803
SD0280000,0.8,0.2,0,0,0,0,,,,2,,,5663
TN0060000,0.92,0.07,0.01,0,0,0,,,,2,,,62468
TN0090000,0.92,0.08,0,0,0,0,,,,8,,,15513
TN0180000,1,0,0,0,0,0,,,,11,,,49137
TN0330000,0.92,0.07,0.01,0,0,0,,,,45,,,118121
TN0580000,0.96,0.04,0,0,0,0,,,,0,,,18857
TN0630000,0.84,0.05,0.08,0.01,0,0.02,,,,9,,,52261
TN0790000,0.54,0.45,0.01,0,0,0,,,,139,,,125947
TN0820000,0.97,0.02,0,0,0,0,,,,16,,,78154
TN0830000,1,0,0,0,0,0,,,,7,,,57387
TN0940000,0.92,0.08,0,0,0,0,,,,6,,,61974
TX0150000,0.32,0.05,0.62,0.01,0,0,,,,0,,,298665
TX0400000,0.38,0,0.63,0,0,0,,,,0,,,2812
TX0430000,0.84,0.05,0.09,0.01,0,0.01,,,,19,,,45630
TX0570000,0.2,0.61,0.15,0.04,0,0,,,,236,,,2613539
TX0610000,0.85,0.05,0.09,0.01,0.01,0,,,,0,,,146209
TX1050000,0.82,0.01,0.17,0.01,0,0,,,,19,,,101906
TX1200000,1,0,0,0,0,0,,,,0,,,6911
TX1230000,0.75,0.16,0.09,0,0,0,,,,40,,,34157
TX1280000,0.31,0.03,0.56,0,0,0.09,,,,0,,,8853
TX1880000,0.81,0.03,0.14,0.02,0,0,,,,3,,,14657
TX2150000,1,0,0,0,0,0,,,,0,,,3921
TX2270000,0.71,0.08,0.2,0.01,0.01,0,,,,9,,,220173
UT0060000,0.92,0,0.05,0.01,0,0,,,,8,,,27975
UT0180000,0.83,0.01,0.07,0.02,0.01,0.06,,,,1063,,,263714
UT0230000,0.74,0.04,0.15,0.07,0,0,,,,3,,,24102
UT0250000,0.99,0,0.01,0,0,0,,,,0,,,67426
VA0090000,1,0,0,0,0,0,,,,1,,,4085
VA0300000,0.95,0.03,0,0,0,0.02,,,,52,,,61099
VA0340000,0.99,0,0.01,0,0,0,,,,0,,,87021
VA0420000,0.89,0.08,0.01,0.01,0,0,,,,6,,,100642
VA0440000,0.89,0.1,0.01,0,0,0,,,,3,,,50133
VA0450000,1,0,0,0,0,0,,,,1,,,2177
VA0600000,0.96,0.04,0,0,0,0,,,,5,,,31842
VA0860000,0.97,0.03,0,0,0,0,,,,1,,,20949
VA0890000,0.89,0.07,0.03,0.01,0.01,0,,,,18,,,155557
WI0300000,0.89,0.03,0.07,0,0.01,0,,,,6,,,42318
WI0540000,0.97,0.01,0.02,0,0,0,,,,4,,,27148
WI0550000,1,0,0,0,0,0,,,,0,,,11009
WI0680000,0.97,0.02,0.01,0,0,0,,,,13,,,96741
WI0710000,0.98,0.01,0.01,0,0,0,,,,3,,,36249
WV0480000,1,0,0,0,0,0,,,,0,,,6491
WY0100000,1,0,0,0,0,0,,,,1,,,3883
CO0350300,0.89,0.02,0.06,0.02,0,0,60,108,64,79,50,46,173274